658721__emmakyllikki__bus3.wav,bus
658720__emmakyllikki__bus9.wav,bus
658719__emmakyllikki__bus5.wav,bus
658718__emmakyllikki__bus4.wav,bus
658717__emmakyllikki__bus7.wav,bus
658716__emmakyllikki__bus20.wav,bus
658715__emmakyllikki__bus6.wav,bus
658714__emmakyllikki__bus19.wav,bus
658713__emmakyllikki__bus8.wav,bus
658712__emmakyllikki__bus2.wav,bus
658710__emmakyllikki__bus17.wav,bus
658709__emmakyllikki__bus18.wav,bus
658708__emmakyllikki__bus13.wav,bus
658707__emmakyllikki__bus14.wav,bus
658706__emmakyllikki__bus15.wav,bus
658705__emmakyllikki__bus16.wav,bus
658704__emmakyllikki__bus1.wav,bus
658703__emmakyllikki__bus10.wav,bus
658702__emmakyllikki__bus11.wav,bus
658701__emmakyllikki__bus12.wav,bus
657241__ali-abdelsalam__tram-9.wav,tram
657240__ali-abdelsalam__tram-26.wav,tram
657239__ali-abdelsalam__tram-27.wav,tram
657238__ali-abdelsalam__tram-22.wav,tram
657237__ali-abdelsalam__tram-23.wav,tram
657236__ali-abdelsalam__tram-24.wav,tram
657235__ali-abdelsalam__tram-25.wav,tram
657234__ali-abdelsalam__tram-19.wav,tram
657233__ali-abdelsalam__tram-2.wav,tram
657232__ali-abdelsalam__tram-20.wav,tram
657231__ali-abdelsalam__tram-21.wav,tram
657230__ali-abdelsalam__tram-4.wav,tram
657229__ali-abdelsalam__tram-31.wav,tram
657228__ali-abdelsalam__tram-6.wav,tram
657227__ali-abdelsalam__tram-5.wav,tram
657226__ali-abdelsalam__tram-29.wav,tram
657225__ali-abdelsalam__tram-28.wav,tram
657224__ali-abdelsalam__tram-30.wav,tram
657223__ali-abdelsalam__tram-3.wav,tram
657222__ali-abdelsalam__tram-8.wav,tram
657221__ali-abdelsalam__tram-7.wav,tram
657220__ali-abdelsalam__tram-17.wav,tram
657219__ali-abdelsalam__tram-18.wav,tram
657218__ali-abdelsalam__tram-13.wav,tram
657217__ali-abdelsalam__tram-14.wav,tram
657216__ali-abdelsalam__tram-15.wav,tram
657215__ali-abdelsalam__tram-16.wav,tram
657214__ali-abdelsalam__tram-1.wav,tram
657213__ali-abdelsalam__tram-10.wav,tram
657212__ali-abdelsalam__tram-11.wav,tram
657211__ali-abdelsalam__tram-12.wav,tram
656882__glingden__bus17.wav,bus
656881__glingden__bus18.wav,bus
656880__glingden__bus21.wav,bus
656879__glingden__bus20.wav,bus
656877__glingden__bus3.wav,bus
656876__glingden__bus5.wav,bus
656875__glingden__bus8.wav,bus
656874__glingden__bus7.wav,bus
656873__glingden__bus6.wav,bus
656872__glingden__bus9.wav,bus
656871__glingden__bus16.wav,bus
656870__glingden__bus14.wav,bus
656869__glingden__bus13.wav,bus
656868__glingden__bus12.wav,bus
656867__glingden__bus11.wav,bus
656866__glingden__bus2.wav,bus
656859__glingden__bus10.wav,bus
656858__glingden__bus1.wav,bus
656848__glingden__bus15.wav,bus
657323__publictransport__tram19.mp3,tram
657322__publictransport__tram20.mp3,tram
657321__publictransport__tram15.mp3,tram
657320__publictransport__tram16.mp3,tram
657319__publictransport__tram17.mp3,tram
657318__publictransport__tram18.mp3,tram
657317__publictransport__tram11.mp3,tram
657316__publictransport__tram12.mp3,tram
657315__publictransport__tram13.mp3,tram
657314__publictransport__tram14.mp3,tram
657313__publictransport__tram26.mp3,tram
657312__publictransport__tram25.mp3,tram
657311__publictransport__tram28.mp3,tram
657310__publictransport__tram27.mp3,tram
657309__publictransport__tram22.mp3,tram
657308__publictransport__tram21.mp3,tram
657307__publictransport__tram24.mp3,tram
657306__publictransport__tram23.mp3,tram
657305__publictransport__tram09.mp3,tram
657304__publictransport__tram10.mp3,tram
657303__publictransport__tram05.mp3,tram
657302__publictransport__tram06.mp3,tram
657301__publictransport__tram07.mp3,tram
657300__publictransport__tram08.mp3,tram
657299__publictransport__tram01.mp3,tram
657298__publictransport__tram02.mp3,tram
657297__publictransport__tram03.mp3,tram
657296__publictransport__tram04.mp3,tram
Tram 1,tram
Tram 2,tram
Tram 3,tram
Tram 4,tram
Tram 5,tram
Tram 6,tram
Tram 7,tram
Tram 8,tram
Bus 1,bus
Bus 2,bus
Bus 3,bus
Bus 4,bus
Bus 5,bus
Bus 6,bus
Bus 7,bus
Bus 8,bus
Bus 9,bus
Bus 10,bus
